{
  "_fv": 79,
  "_type": "recipe",
  "definition": {
    "recipeType": "Smithing",
    "recipeRetstackSize": 1,
    "group": "",
    "unlockingItems": [
      {
        "value": "CUSTOM:Moonstoneupgradetemplate"
      },
      {
        "value": "CUSTOM:Moonstone"
      },
      {
        "value": "Items.NETHERITE_SWORD"
      }
    ],
    "cookingBookCategory": "MISC",
    "xpReward": 0.0,
    "cookingTime": 200,
    "craftingBookCategory": "MISC",
    "recipeShapeless": false,
    "smithingInputStack": {
      "value": "Items.NETHERITE_SWORD"
    },
    "smithingInputAdditionStack": {
      "value": "CUSTOM:Moonstone"
    },
    "smithingInputTemplateStack": {
      "value": "CUSTOM:Moonstoneupgradetemplate"
    },
    "smithingReturnStack": {
      "value": "CUSTOM:Moonstonesword"
    },
    "name": "moonstoneswordupgrade",
    "namespace": "mod"
  }
}