{
  "_fv": 79,
  "_type": "dimension",
  "definition": {
    "biomesInDimension": [
      {
        "value": "CUSTOM:Sunbiome"
      }
    ],
    "worldGenType": "Normal world gen",
    "mainFillerBlock": {
      "value": "CUSTOM:Sunblock"
    },
    "fluidBlock": {
      "value": "CUSTOM:Sunwater"
    },
    "seaLevel": 63,
    "generateOreVeins": false,
    "generateAquifers": false,
    "horizontalNoiseSize": 1,
    "verticalNoiseSize": 2,
    "defaultEffects": "overworld",
    "useCustomEffects": true,
    "hasClouds": true,
    "cloudHeight": -10,
    "skyType": "NONE",
    "airColor": {
      "value": -256,
      "falpha": 0.0
    },
    "sunHeightAffectsFog": false,
    "canRespawnHere": true,
    "hasFog": true,
    "ambientLight": 1.0,
    "doesWaterVaporize": true,
    "hasFixedTime": true,
    "fixedTimeValue": 0,
    "coordinateScale": 0.99,
    "infiniburnTag": "minecraft:infiniburn_overworld",
    "bedWorks": true,
    "hasSkyLight": true,
    "imitateOverworldBehaviour": false,
    "piglinSafe": true,
    "hasRaids": false,
    "minMonsterSpawnLightLimit": 15,
    "maxMonsterSpawnLightLimit": 15,
    "monsterSpawnBlockLightLimit": 0,
    "portalFrame": {
      "value": "CUSTOM:Moonstoneblock"
    },
    "portalParticles": {
      "value": "PORTAL"
    },
    "portalLuminance": 15,
    "portalSound": {
      "value": "block.portal.ambient"
    },
    "enableIgniter": true,
    "igniterName": "Sunstone Igniter",
    "igniterRarity": "COMMON",
    "specialInformation": {
      "fixedValue": []
    },
    "creativeTabs": [
      {
        "value": "TOOLS"
      }
    ],
    "texture": "sunstone_igniter",
    "portalTexture": "minecraft:blue_stained_glass",
    "enablePortal": true
  }
}