{
  "_fv": 79,
  "_type": "recipe",
  "definition": {
    "recipeType": "Smithing",
    "recipeRetstackSize": 1,
    "group": "",
    "unlockingItems": [
      {
        "value": "CUSTOM:Sunstoneupgradetemplate"
      },
      {
        "value": "CUSTOM:Sunstoneingot"
      },
      {
        "value": "CUSTOM:Moonstonearmor.body"
      }
    ],
    "cookingBookCategory": "MISC",
    "xpReward": 0.0,
    "cookingTime": 200,
    "craftingBookCategory": "MISC",
    "recipeShapeless": false,
    "smithingInputStack": {
      "value": "CUSTOM:Moonstonearmor.body"
    },
    "smithingInputAdditionStack": {
      "value": "CUSTOM:Sunstoneingot"
    },
    "smithingInputTemplateStack": {
      "value": "CUSTOM:Sunstoneupgradetemplate"
    },
    "smithingReturnStack": {
      "value": "CUSTOM:Sunstonearmor.body"
    },
    "name": "sunstonechestplateupgrade",
    "namespace": "mod"
  }
}