{
  "_fv": 79,
  "_type": "armor",
  "definition": {
    "enableHelmet": true,
    "textureHelmet": "sunstone_helmet",
    "enableBody": true,
    "textureBody": "sunstone_chestplate",
    "enableLeggings": true,
    "textureLeggings": "sunstone_leggings",
    "enableBoots": true,
    "textureBoots": "sunstone_boots",
    "creativeTabs": [
      {
        "value": "COMBAT"
      }
    ],
    "armorTextureFile": "sunstone",
    "helmetName": "Helmet of the Sun",
    "bodyName": "Chestplate of the Sun",
    "leggingsName": "Leggings of the Sun",
    "bootsName": "Boots of the Sun",
    "helmetSpecialInformation": {
      "fixedValue": []
    },
    "bodySpecialInformation": {
      "fixedValue": []
    },
    "leggingsSpecialInformation": {
      "fixedValue": []
    },
    "bootsSpecialInformation": {
      "fixedValue": []
    },
    "helmetModelName": "Default",
    "helmetModelPart": "Helmet",
    "helmetModelTexture": "sunstone_layer_1.png",
    "bodyModelName": "Default",
    "bodyModelPart": "Body",
    "armsModelPartL": "Arms L",
    "armsModelPartR": "Arms R",
    "bodyModelTexture": "sunstone_layer_1.png",
    "leggingsModelName": "Default",
    "leggingsModelPartL": "Leggings L",
    "leggingsModelPartR": "Leggings R",
    "leggingsModelTexture": "sunstone_layer_2.png",
    "bootsModelName": "Default",
    "bootsModelPartL": "Boots L",
    "bootsModelPartR": "Boots R",
    "bootsModelTexture": "sunstone_layer_1.png",
    "helmetItemRenderType": 0,
    "helmetItemCustomModelName": "Normal",
    "bodyItemRenderType": 0,
    "bodyItemCustomModelName": "Normal",
    "leggingsItemRenderType": 0,
    "leggingsItemCustomModelName": "Normal",
    "bootsItemRenderType": 0,
    "bootsItemCustomModelName": "Normal",
    "helmetImmuneToFire": true,
    "bodyImmuneToFire": true,
    "leggingsImmuneToFire": true,
    "bootsImmuneToFire": true,
    "helmetGlowCondition": {
      "fixedValue": true
    },
    "bodyGlowCondition": {
      "fixedValue": true
    },
    "leggingsGlowCondition": {
      "fixedValue": true
    },
    "bootsGlowCondition": {
      "fixedValue": true
    },
    "helmetPiglinNeutral": {
      "fixedValue": true
    },
    "bodyPiglinNeutral": {
      "fixedValue": true
    },
    "leggingsPiglinNeutral": {
      "fixedValue": true
    },
    "bootsPiglinNeutral": {
      "fixedValue": true
    },
    "maxDamage": 15,
    "damageValueHelmet": 30,
    "damageValueBody": 80,
    "damageValueLeggings": 60,
    "damageValueBoots": 2,
    "enchantability": 9,
    "toughness": 30.0,
    "knockbackResistance": 1.0,
    "equipSound": {
      "value": ""
    },
    "repairItems": [
      {
        "value": "CUSTOM:Sunstoneingot"
      }
    ]
  }
}