{
  "schemaVersion": 1,
  "id": "my_mod_maybe_ig",
  "version": "1.0.0",
  "name": "my mod maybe ig",
  "description": "Adds more stuff",
  "authors": [
    "CaptainCSS"
  ],
  "contact": {
    "homepage": "https://mcreator.net",
    "sources": ""
  },
  "license": "MIT License",
  "environment": "*",
  "entrypoints": {
    "main": [
      "net.mcreator.mymodmaybeig.MyModMaybeIgMod"
    ],
    "client": [
      "net.mcreator.mymodmaybeig.MyModMaybeIgModClient"
    ]
  },
  "mixins": [
    "my_mod_maybe_ig.mixins.json"
  ],
  "depends": {
    "fabricloader": ">=0.17.2",
    "minecraft": "~1.21.8",
    "java": ">=21",
    "fabric-api": "*"
  }
}