{
  "required": true,
  "package": "net.mcreator.mymodmaybeig.mixin",
  "compatibilityLevel": "JAVA_21",
  "refmap": "my_mod_maybe_ig.refmap.json",
  "mixins": [
    "RepairItemRecipeMixin",
    "ServerPlayerMixin",
    "PiglinAiMixin",
    "LivingEntityMixin",
    "PlayerMixin",
    "ItemStackMixin",
    "BlockItemMixin",
    "BoneMealItemMixin",
    "CommandsMixin",
    "ExperienceOrbMixin"
  ],
  "client": [
    "EquipmentLayerRendererMixin"
  ],
  "injectors": {
    "defaultRequire": 1
  },
  "minVersion": "0.8.4"
}