{
  "ultrawarm": true,
  "natural": false,
  "piglin_safe": true,
  "respawn_anchor_works": true,
  "bed_works": true,
  "has_raids": false,
  "has_skylight": true,
  "has_ceiling": false,
  "coordinate_scale": 0.99,
  "ambient_light": 1,
  "infiniburn": "#minecraft:infiniburn_overworld",
  "fixed_time": 0,
  "min_y": -64,
  "height": 384,
  "logical_height": 384,
  "cloud_height": -16,
  "monster_spawn_light_level": 15,
  "monster_spawn_block_light_limit": 0,
  "effects": "my_mod_maybe_ig:sundimension"
}