{
  "parent": "minecraft:recipes/root",
  "criteria": {
    "has_the_recipe": {
      "conditions": {
        "recipe": "my_mod_maybe_ig:sunstonechestplateupgrade"
      },
      "trigger": "minecraft:recipe_unlocked"
    },
    "has_ingredient_0": {
      "conditions": {
        "items": [
          {
            "items": "my_mod_maybe_ig:sunstoneupgradetemplate"
          }
        ]
      },
      "trigger": "minecraft:inventory_changed"
    },
    "has_ingredient_1": {
      "conditions": {
        "items": [
          {
            "items": "my_mod_maybe_ig:sunstoneingot"
          }
        ]
      },
      "trigger": "minecraft:inventory_changed"
    },
    "has_ingredient_2": {
      "conditions": {
        "items": [
          {
            "items": "my_mod_maybe_ig:moonstonearmor_chestplate"
          }
        ]
      },
      "trigger": "minecraft:inventory_changed"
    }
  },
  "requirements": [
    [
      "has_the_recipe",
      "has_ingredient_0",
      "has_ingredient_1",
      "has_ingredient_2"
    ]
  ],
  "rewards": {
    "recipes": [
      "my_mod_maybe_ig:sunstonechestplateupgrade"
    ]
  }
}