{
  "display": {
    "icon": {
      "id": "my_mod_maybe_ig:sunstonesword"
    },
    "title": {
      "translate": "advancements.itsover.title"
    },
    "description": {
      "translate": "advancements.itsover.descr"
    },
    "frame": "challenge",
    "show_toast": true,
    "announce_to_chat": true,
    "hidden": true
  },
  "criteria": {
    "itsover_0": {
      "trigger": "minecraft:inventory_changed",
      "conditions": {
        "items": [
          {
            "items": [
              "my_mod_maybe_ig:sunstonearmor_helmet"
            ],
            "count": {
              "min": 1,
              "max": 1
            }
          }
        ]
      }
    },
    "itsover_1": {
      "trigger": "minecraft:inventory_changed",
      "conditions": {
        "items": [
          {
            "items": [
              "my_mod_maybe_ig:sunstonearmor_chestplate"
            ],
            "count": {
              "min": 1,
              "max": 1
            }
          }
        ]
      }
    },
    "itsover_2": {
      "trigger": "minecraft:inventory_changed",
      "conditions": {
        "items": [
          {
            "items": [
              "my_mod_maybe_ig:sunstonearmor_leggings"
            ],
            "count": {
              "min": 1,
              "max": 1
            }
          }
        ]
      }
    },
    "itsover_3": {
      "trigger": "minecraft:inventory_changed",
      "conditions": {
        "items": [
          {
            "items": [
              "my_mod_maybe_ig:sunstonearmor_boots"
            ],
            "count": {
              "min": 1,
              "max": 1
            }
          }
        ]
      }
    },
    "itsover_4": {
      "trigger": "minecraft:inventory_changed",
      "conditions": {
        "items": [
          {
            "items": [
              "my_mod_maybe_ig:sunstonepickaxe"
            ],
            "count": {
              "min": 1,
              "max": 1
            }
          }
        ]
      }
    },
    "itsover_5": {
      "trigger": "minecraft:inventory_changed",
      "conditions": {
        "items": [
          {
            "items": [
              "my_mod_maybe_ig:sunstoneaxe"
            ],
            "count": {
              "min": 1,
              "max": 1
            }
          }
        ]
      }
    }
  },
  "parent": "minecraft:end/kill_dragon"
}